{
	"format_version": "1.10.0",
	"geometry.model": {
		"texturewidth": 64,
		"textureheight": 64,
		"visible_bounds_width": 3,
		"visible_bounds_height": 4.25,
		"visible_bounds_offset": [0, 0.875, 0],
		"bones": [
			{
				"name": "head",
				"pivot": [0, 26.5, 0]
			},
			{
				"name": "realhead",
				"parent": "head",
				"pivot": [0, 26.5, 0],
				"rotation": [15, 0, 0],
				"cubes": [
					{"origin": [-4.25, 23.25, -4.25], "size": [8.5, 11.5, 8.5], "uv": [0, 20]},
					{"origin": [-4, 26.5, -4], "size": [8, 8, 8], "uv": [24, 12]},
					{"origin": [-5, 30.5, 0.2], "size": [1, 3, 3], "uv": [0, 0]},
					{"origin": [4, 30.5, 0.2], "size": [1, 3, 3], "uv": [0, 0]},
					{"origin": [-2, 29.7, 4], "size": [4, 4, 2], "uv": [0, 54]},
					{"origin": [-1.5, 24.3, 4], "size": [3, 9, 3], "uv": [52, 0]},
					{"origin": [-5.5, 25.3, 0.9], "size": [1, 8, 2], "uv": [54, 45]},
					{"origin": [4.5, 25.3, 0.9], "size": [1, 8, 2], "uv": [14, 52]}
				]
			},
			{
				"name": "body",
				"pivot": [0, 16, 0],
				"rotation": [-2.5, 0, 0],
				"cubes": [
					{"origin": [-1, 26, -1], "size": [2, 1, 2], "uv": [0, 6]}
				]
			},
			{
				"name": "torso",
				"parent": "body",
				"pivot": [0, 18, 0]
			},
			{
				"name": "realTorso",
				"parent": "torso",
				"pivot": [0, 18, 0],
				"rotation": [-2.5, 0, 0],
				"cubes": [
					{"origin": [-3, 18, -2], "size": [6, 8, 4], "uv": [32, 0]}
				]
			},
			{
				"name": "chestRight",
				"parent": "torso",
				"pivot": [-1.5, 23.7176, -1.96794],
				"rotation": [57.74258, 5.73853, 4.83711],
				"cubes": [
					{"origin": [-2.9893, 21.71686, -3.60424], "size": [3, 3, 3], "uv": [52, 28]}
				]
			},
			{
				"name": "chestLeft",
				"parent": "torso",
				"pivot": [1.5, 23.7176, -1.96794],
				"rotation": [60.1076, -3.82821, -3.21873],
				"cubes": [
					{"origin": [-0.00715, 21.72584, -3.61106], "size": [3, 3, 3], "uv": [48, 12]}
				]
			},
			{
				"name": "_sittingHiddenSkirt",
				"parent": "torso",
				"pivot": [0, 18, 0]
			},
			{
				"name": "chair",
				"parent": "_sittingHiddenSkirt",
				"pivot": [0, 12, -0.5],
				"rotation": [5, 0, 0],
				"cubes": [
					{"origin": [-3, 13, -2.5], "size": [6, 1, 6], "uv": [0, 39]}
				]
			},
			{
				"name": "chairlegsR",
				"parent": "chair",
				"pivot": [-1.75, 15.25, 0],
				"rotation": [0, 0, 10],
				"cubes": [
					{"origin": [-2.25, 5.25, -2], "size": [1, 8, 1], "uv": [23, 0]},
					{"origin": [-2.25, 5.25, 2], "size": [1, 8, 1], "uv": [23, 0]}
				]
			},
			{
				"name": "chairlegsL",
				"parent": "chair",
				"pivot": [1.75, 15.25, 0],
				"rotation": [0, 0, -10],
				"cubes": [
					{"origin": [1.25, 5.25, -2], "size": [1, 8, 1], "uv": [23, 0]},
					{"origin": [1.25, 5.25, 2], "size": [1, 8, 1], "uv": [23, 0]}
				]
			},
			{
				"name": "sittingRotationSkirt",
				"parent": "body",
				"pivot": [0, 16, 0]
			},
			{
				"name": "skirt",
				"parent": "sittingRotationSkirt",
				"pivot": [0, 18, 0],
				"cubes": [
					{"origin": [-5, 12, -3.25], "size": [10, 6, 7], "uv": [25, 32]}
				]
			},
			{
				"name": "armLeft",
				"pivot": [2.25, 25, 0],
				"rotation": [0, 0, -25]
			},
			{
				"name": "armLeftPositioningBone",
				"parent": "armLeft",
				"pivot": [3, 16, 1.5]
			},
			{
				"name": "bone",
				"parent": "armLeft",
				"pivot": [-0.75, 25, 0],
				"rotation": [7.5, 0, 0],
				"cubes": [
					{"origin": [1.93264, 13.98901, -1], "size": [2, 11, 3], "uv": [44, 45]}
				]
			},
			{
				"name": "armRight",
				"pivot": [-2, 25, 0],
				"rotation": [0, 0, 25]
			},
			{
				"name": "armRightPositioningBone",
				"parent": "armRight",
				"pivot": [-3, 16, 1.75]
			},
			{
				"name": "bone2",
				"parent": "armRight",
				"pivot": [0.75, 25, 0],
				"rotation": [7.5, 0, 0],
				"cubes": [
					{"origin": [-3.89395, 13.94216, -1], "size": [2, 11, 3], "uv": [34, 45]}
				]
			},
			{
				"name": "legLeft",
				"pivot": [2, 13, 0]
			},
			{
				"name": "leftLeg",
				"parent": "legLeft",
				"pivot": [1, 13, -0.75],
				"rotation": [2.5, -7.5, 0],
				"cubes": [
					{"origin": [-0.75, 4, -4.75], "size": [7, 10, 9], "uv": [0, 0]}
				]
			},
			{
				"name": "leftFoot",
				"parent": "leftLeg",
				"pivot": [0, 0, -0.75],
				"rotation": [-2.5, 0, 2.5],
				"cubes": [
					{"origin": [0.25, 0, -2.75], "size": [3, 12, 4], "uv": [20, 45], "mirror": true}
				]
			},
			{
				"name": "legRight",
				"pivot": [-2, 13, 0]
			},
			{
				"name": "rightLeg",
				"parent": "legRight",
				"pivot": [-1, 13, -0.75],
				"rotation": [2.5, 7.5, 0],
				"cubes": [
					{"origin": [-6.25, 4, -4.75], "size": [7, 10, 9], "uv": [0, 0]}
				]
			},
			{
				"name": "rightFoot",
				"parent": "rightLeg",
				"pivot": [0, 0, -0.75],
				"rotation": [-2.5, 0, -2.5],
				"cubes": [
					{"origin": [-3, 0, -2.75], "size": [3, 12, 4], "uv": [20, 45]}
				]
			},
			{
				"name": "backpackPositioningBone",
				"pivot": [0, 25, 0]
			}
		]
	}
}