{
	"format_version": "1.10.0",
	"geometry.model": {
		"texturewidth": 64,
		"textureheight": 64,
		"visible_bounds_width": 4,
		"visible_bounds_height": 3.5,
		"visible_bounds_offset": [0, 1.25, 0],
		"bones": [
			{
				"name": "head",
				"pivot": [0, 22.75, 0],
				"cubes": [
					{"origin": [-4, 22.75, -4], "size": [8, 8, 8], "uv": [0, 0]},
					{"origin": [-4, 22.75, -3.75], "size": [8, 8, 8], "uv": [32, 0], "inflate": 0.5}
				]
			},
			{
				"name": "blink",
				"parent": "head",
				"pivot": [-0.05, 24.7, -4.1],
				"cubes": [
					{"origin": [-3, 23.75, -4.1], "size": [6, 3, 0], "uv": [47, 46]}
				]
			},
			{
				"name": "armRight",
				"pivot": [-5, 22, 0],
				"rotation": [0, 0, 2.5],
				"cubes": [
					{"origin": [-7.25, 11.5, -2], "size": [3, 11, 4], "uv": [40, 16]},
					{"origin": [-7.25, 11.5, -2], "size": [3, 11, 4], "uv": [48, 48], "inflate": 0.25, "mirror": true}
				]
			},
			{
				"name": "armRightPositioningBone",
				"parent": "armRight",
				"pivot": [-5.75, 12.5, 0]
			},
			{
				"name": "armLeft",
				"pivot": [5.25, 22, 0],
				"rotation": [0, 0, -2.5],
				"cubes": [
					{"origin": [4.25, 11.4999, -2.02182], "size": [3, 11, 4], "uv": [32, 48]},
					{"origin": [4.25, 11.4999, -2.02182], "size": [3, 11, 4], "uv": [48, 48], "inflate": 0.25}
				]
			},
			{
				"name": "armLeftPositioningBone",
				"parent": "armLeft",
				"pivot": [5.75, 12.5, 0]
			},
			{
				"name": "body",
				"pivot": [0, 22.25, 0],
				"cubes": [
					{"origin": [-4, 10.25, -2], "size": [8, 12, 4], "uv": [16, 16]},
					{"origin": [-4, 10.25, -2], "size": [8, 12, 4], "uv": [16, 16], "inflate": 0.24}
				]
			},
			{
				"name": "sittingRotationSkirt",
				"parent": "body",
				"pivot": [0, 11.5, 0],
				"cubes": [
					{"origin": [-4, 10.25, -2], "size": [8, 0, 4], "uv": [33, 32]},
					{"origin": [-4, 10.25, -2], "size": [8, 1, 4], "uv": [9, 31], "inflate": 0.275}
				]
			},
			{
				"name": "miniskirt",
				"parent": "sittingRotationSkirt",
				"pivot": [0, 8, 0]
			},
			{
				"name": "bone139",
				"parent": "miniskirt",
				"pivot": [0, 8, 0]
			},
			{
				"name": "bone152",
				"parent": "bone139",
				"pivot": [0, 8, 4.81637],
				"rotation": [23, 0, 0]
			},
			{
				"name": "bone153",
				"parent": "bone152",
				"pivot": [0, 8, 4.81637],
				"rotation": [0, -45, 0],
				"cubes": [
					{"origin": [-1, 8, 3.81637], "size": [2, 5, 2], "uv": [55, 35]}
				]
			},
			{
				"name": "bone154",
				"parent": "miniskirt",
				"pivot": [0, 8, 0],
				"rotation": [0, -32.72727, 0]
			},
			{
				"name": "bone155",
				"parent": "bone154",
				"pivot": [0, 8, 4.81637],
				"rotation": [23, 0, 0]
			},
			{
				"name": "bone156",
				"parent": "bone155",
				"pivot": [0, 8, 4.81637],
				"rotation": [0, -45, 0],
				"cubes": [
					{"origin": [-1, 8, 3.81637], "size": [2, 5, 2], "uv": [55, 35]}
				]
			},
			{
				"name": "bone157",
				"parent": "miniskirt",
				"pivot": [0, 8, 0],
				"rotation": [0, -65.45455, 0]
			},
			{
				"name": "bone158",
				"parent": "bone157",
				"pivot": [0, 8, 4.81637],
				"rotation": [23, 0, 0]
			},
			{
				"name": "bone159",
				"parent": "bone158",
				"pivot": [0, 8, 4.81637],
				"rotation": [0, -45, 0],
				"cubes": [
					{"origin": [-1, 8, 3.81637], "size": [2, 5, 2], "uv": [55, 35]}
				]
			},
			{
				"name": "bone160",
				"parent": "miniskirt",
				"pivot": [0, 8, 0],
				"rotation": [0, -98.18182, 0]
			},
			{
				"name": "bone161",
				"parent": "bone160",
				"pivot": [0, 8, 4.81637],
				"rotation": [23, 0, 0]
			},
			{
				"name": "bone162",
				"parent": "bone161",
				"pivot": [0, 8, 4.81637],
				"rotation": [0, -45, 0],
				"cubes": [
					{"origin": [-1, 8, 3.81637], "size": [2, 5, 2], "uv": [55, 35]}
				]
			},
			{
				"name": "bone163",
				"parent": "miniskirt",
				"pivot": [0, 8, 0],
				"rotation": [0, -130.90909, 0]
			},
			{
				"name": "bone164",
				"parent": "bone163",
				"pivot": [0, 8, 4.81637],
				"rotation": [23, 0, 0]
			},
			{
				"name": "bone165",
				"parent": "bone164",
				"pivot": [0, 8, 4.81637],
				"rotation": [0, -45, 0],
				"cubes": [
					{"origin": [-1, 8, 3.81637], "size": [2, 5, 2], "uv": [55, 35]}
				]
			},
			{
				"name": "bone166",
				"parent": "miniskirt",
				"pivot": [0, 8, 0],
				"rotation": [0, -163.63636, 0]
			},
			{
				"name": "bone167",
				"parent": "bone166",
				"pivot": [0, 8, 4.81637],
				"rotation": [23, 0, 0]
			},
			{
				"name": "bone178",
				"parent": "bone167",
				"pivot": [0, 8, 4.81637],
				"rotation": [0, -45, 0],
				"cubes": [
					{"origin": [-1, 8, 3.81637], "size": [2, 5, 2], "uv": [55, 35]}
				]
			},
			{
				"name": "bone179",
				"parent": "miniskirt",
				"pivot": [0, 8, 0],
				"rotation": [0, -196.36364, 0]
			},
			{
				"name": "bone180",
				"parent": "bone179",
				"pivot": [0, 8, 4.81637],
				"rotation": [23, 0, 0]
			},
			{
				"name": "bone181",
				"parent": "bone180",
				"pivot": [0, 8, 4.81637],
				"rotation": [0, -45, 0],
				"cubes": [
					{"origin": [-1, 8, 3.81637], "size": [2, 5, 2], "uv": [55, 35]}
				]
			},
			{
				"name": "bone182",
				"parent": "miniskirt",
				"pivot": [0, 8, 0],
				"rotation": [0, -229.09091, 0]
			},
			{
				"name": "bone183",
				"parent": "bone182",
				"pivot": [0, 8, 4.81637],
				"rotation": [23, 0, 0]
			},
			{
				"name": "bone184",
				"parent": "bone183",
				"pivot": [0, 8, 4.81637],
				"rotation": [0, -45, 0],
				"cubes": [
					{"origin": [-1, 8, 3.81637], "size": [2, 5, 2], "uv": [55, 35]}
				]
			},
			{
				"name": "bone185",
				"parent": "miniskirt",
				"pivot": [0, 8, 0],
				"rotation": [0, -261.81818, 0]
			},
			{
				"name": "bone186",
				"parent": "bone185",
				"pivot": [0, 8, 4.81637],
				"rotation": [23, 0, 0]
			},
			{
				"name": "bone187",
				"parent": "bone186",
				"pivot": [0, 8, 4.81637],
				"rotation": [0, -45, 0],
				"cubes": [
					{"origin": [-1, 8, 3.81637], "size": [2, 5, 2], "uv": [55, 35]}
				]
			},
			{
				"name": "bone188",
				"parent": "miniskirt",
				"pivot": [0, 8, 0],
				"rotation": [0, -294.54545, 0]
			},
			{
				"name": "bone189",
				"parent": "bone188",
				"pivot": [0, 8, 4.81637],
				"rotation": [23, 0, 0]
			},
			{
				"name": "bone190",
				"parent": "bone189",
				"pivot": [0, 8, 4.81637],
				"rotation": [0, -45, 0],
				"cubes": [
					{"origin": [-1, 8, 3.81637], "size": [2, 5, 2], "uv": [55, 35]}
				]
			},
			{
				"name": "bone191",
				"parent": "miniskirt",
				"pivot": [0, 8, 0],
				"rotation": [0, -327.27273, 0]
			},
			{
				"name": "bone192",
				"parent": "bone191",
				"pivot": [0, 8, 4.81637],
				"rotation": [23, 0, 0]
			},
			{
				"name": "bone193",
				"parent": "bone192",
				"pivot": [0, 8, 4.81637],
				"rotation": [0, -45, 0],
				"cubes": [
					{"origin": [-1, 8, 3.81637], "size": [2, 5, 2], "uv": [55, 35]}
				]
			},
			{
				"name": "ssp",
				"parent": "body",
				"pivot": [-2.7, 15, -2.3],
				"rotation": [-11, 0, 0],
				"cubes": [
					{"origin": [-3.2, 12.2, -2.4], "size": [1, 3, 0.2], "uv": [61, 47]}
				]
			},
			{
				"name": "senketsuChest",
				"parent": "body",
				"pivot": [0, 19.4, -3],
				"rotation": [-12.5, 0, 0]
			},
			{
				"name": "chest",
				"parent": "senketsuChest",
				"pivot": [0, 19.12004, -1.56574],
				"rotation": [42.5, 0, 0],
				"cubes": [
					{"origin": [-4, 16.57004, -3.06574], "size": [7.9, 5.1, 3], "uv": [0, 32]}
				]
			},
			{
				"name": "senketsuLeashes",
				"parent": "senketsuChest",
				"pivot": [0, 18.5, -3],
				"rotation": [11, 0, 0]
			},
			{
				"name": "ribbon",
				"parent": "senketsuLeashes",
				"pivot": [0, 0.4, 0],
				"cubes": [
					{"origin": [-0.5, 17.9, -3.4], "size": [1, 1, 1], "uv": [5, 47]}
				]
			},
			{
				"name": "leash2",
				"parent": "senketsuLeashes",
				"pivot": [0, 0.4, 0]
			},
			{
				"name": "ribbon2",
				"parent": "leash2",
				"pivot": [0.9, 15.2, -3],
				"rotation": [0, 0, -22.5]
			},
			{
				"name": "ribbon5",
				"parent": "ribbon2",
				"pivot": [1, 15.65, -2.9],
				"cubes": [
					{"origin": [0.7, 15.4, -3.2], "size": [0.5, 1.2, 0.4], "uv": [6, 45], "mirror": true}
				]
			},
			{
				"name": "ribbon6",
				"parent": "ribbon2",
				"pivot": [1, 17.35, -2.9],
				"rotation": [0, 0, 20],
				"cubes": [
					{"origin": [1, 16.6, -3.2], "size": [0.5, 1.5, 0.4], "uv": [6, 45], "mirror": true}
				]
			},
			{
				"name": "ribbon10",
				"parent": "leash2",
				"pivot": [0.8, 15.65, -2.9],
				"cubes": [
					{"origin": [0.7, 15.1, -3.2], "size": [0.4, 1.5, 0.4], "uv": [6, 45], "mirror": true}
				]
			},
			{
				"name": "ribbon11",
				"parent": "leash2",
				"pivot": [0.8, 17.15, -2.9],
				"rotation": [0, 0, -20],
				"cubes": [
					{"origin": [0.5, 16.6, -3.2], "size": [0.4, 1.5, 0.4], "uv": [6, 45], "mirror": true}
				]
			},
			{
				"name": "leash1",
				"parent": "senketsuLeashes",
				"pivot": [0, 0.4, 0]
			},
			{
				"name": "ribbon7",
				"parent": "leash1",
				"pivot": [-0.9, 15.2, -3],
				"rotation": [0, 0, 22.5]
			},
			{
				"name": "ribbon8",
				"parent": "ribbon7",
				"pivot": [-1, 15.65, -2.9],
				"cubes": [
					{"origin": [-1.2, 15.4, -3.2], "size": [0.5, 1.2, 0.4], "uv": [6, 45]}
				]
			},
			{
				"name": "ribbon9",
				"parent": "ribbon7",
				"pivot": [-1, 17.35, -2.9],
				"rotation": [0, 0, -20],
				"cubes": [
					{"origin": [-1.5, 16.6, -3.2], "size": [0.5, 1.5, 0.4], "uv": [6, 45]}
				]
			},
			{
				"name": "ribbon4",
				"parent": "leash1",
				"pivot": [-0.8, 15.65, -2.9],
				"cubes": [
					{"origin": [-1.1, 15.1, -3.2], "size": [0.4, 1.5, 0.4], "uv": [6, 45]}
				]
			},
			{
				"name": "ribbon3",
				"parent": "leash1",
				"pivot": [-0.8, 17.15, -2.9],
				"rotation": [0, 0, 20],
				"cubes": [
					{"origin": [-0.9, 16.6, -3.2], "size": [0.4, 1.5, 0.4], "uv": [6, 45]}
				]
			},
			{
				"name": "senketsuEyes",
				"parent": "senketsuChest",
				"pivot": [0, 0.4, 0]
			},
			{
				"name": "snketsuRightEye",
				"parent": "senketsuEyes",
				"pivot": [-2.8, 18.8, -3.3],
				"rotation": [43.19209, 5.6988, -6.27289]
			},
			{
				"name": "senketsu9",
				"parent": "snketsuRightEye",
				"pivot": [-2.12793, 19.24575, -3.25],
				"rotation": [0, 0, 35],
				"cubes": [
					{"origin": [-3.02793, 18.44575, -3.34], "size": [1.1, 0.6, 0.2], "uv": [5, 58], "mirror": true}
				]
			},
			{
				"name": "senketsu10",
				"parent": "snketsuRightEye",
				"pivot": [-2.35713, 18.72623, -3.25],
				"rotation": [0, 0, -6],
				"cubes": [
					{"origin": [-3.25713, 18.52623, -3.37], "size": [1.7, 0.4, 0.25], "uv": [5, 58], "mirror": true}
				]
			},
			{
				"name": "senketsu11",
				"parent": "snketsuRightEye",
				"pivot": [-3.52793, 17.74575, -3.25],
				"rotation": [0, 0, -76],
				"cubes": [
					{"origin": [-3.04906, 17.51924, -3.37], "size": [1.6, 0.4, 0.25], "uv": [5, 58], "mirror": true}
				]
			},
			{
				"name": "senketsu12",
				"parent": "snketsuRightEye",
				"pivot": [-2.40685, 18.32101, -3.25],
				"rotation": [0, 0, -6],
				"cubes": [
					{"origin": [-3.75685, 18.12101, -3.39], "size": [2.6, 0.4, 0.28], "uv": [3, 58], "mirror": true}
				]
			},
			{
				"name": "senketsu13",
				"parent": "snketsuRightEye",
				"pivot": [-3.60492, 18.9317, -3.25],
				"rotation": [0, 0, -76],
				"cubes": [
					{"origin": [-4.75492, 18.7317, -3.39], "size": [2.2, 0.4, 0.28], "uv": [3, 58], "mirror": true}
				]
			},
			{
				"name": "senketsu14",
				"parent": "snketsuRightEye",
				"pivot": [-4.32793, 17.74575, -3.25],
				"rotation": [0, 0, -76],
				"cubes": [
					{"origin": [-4.54906, 17.51924, -3.4], "size": [3, 0.4, 0.3], "uv": [4, 58], "mirror": true}
				]
			},
			{
				"name": "senketsu15",
				"parent": "snketsuRightEye",
				"pivot": [-0.42793, 18.14575, -3.25],
				"rotation": [0, 0, -6],
				"cubes": [
					{"origin": [-4.4695, 17.92909, -3.4], "size": [4, 0.4, 0.3], "uv": [3, 58], "mirror": true}
				]
			},
			{
				"name": "senketsu16",
				"parent": "snketsuRightEye",
				"pivot": [-2.12793, 19.24575, -3.25],
				"rotation": [0, 0, 35],
				"cubes": [
					{"origin": [-4.22793, 19.04575, -3.4], "size": [4.1, 0.4, 0.3], "uv": [2, 58], "mirror": true}
				]
			},
			{
				"name": "senketsu17",
				"parent": "snketsuRightEye",
				"pivot": [-3.12793, 18.54575, -3.25],
				"rotation": [0, 0, -40],
				"cubes": [
					{"origin": [-4.12793, 18.54575, -3.45], "size": [2.3, 0.4, 0.3], "uv": [7, 37], "mirror": true}
				]
			},
			{
				"name": "senketsu18",
				"parent": "snketsuRightEye",
				"pivot": [-2.85132, 18.71002, -3.3],
				"rotation": [0, 0, -132.5],
				"cubes": [
					{"origin": [-3.55132, 18.21002, -3.45], "size": [2.1, 0.4, 0.3], "uv": [7, 37], "mirror": true}
				]
			},
			{
				"name": "snketsuLeftEye",
				"parent": "senketsuEyes",
				"pivot": [2.8, 18.8, -3.3],
				"rotation": [43.19209, -5.6988, 6.27289]
			},
			{
				"name": "senketsu8",
				"parent": "snketsuLeftEye",
				"pivot": [2.12793, 19.24575, -3.25],
				"rotation": [0, 0, -35],
				"cubes": [
					{"origin": [1.92793, 18.44575, -3.34], "size": [1.1, 0.6, 0.2], "uv": [3, 58]}
				]
			},
			{
				"name": "senketsu7",
				"parent": "snketsuLeftEye",
				"pivot": [2.35713, 18.72623, -3.25],
				"rotation": [0, 0, 6],
				"cubes": [
					{"origin": [1.55713, 18.52623, -3.37], "size": [1.7, 0.4, 0.25], "uv": [2, 55]}
				]
			},
			{
				"name": "senketsu6",
				"parent": "snketsuLeftEye",
				"pivot": [3.52793, 17.74575, -3.25],
				"rotation": [0, 0, 76],
				"cubes": [
					{"origin": [1.44906, 17.51924, -3.37], "size": [1.6, 0.4, 0.25], "uv": [2, 55]}
				]
			},
			{
				"name": "senketsu5",
				"parent": "snketsuLeftEye",
				"pivot": [0.42793, 18.54575, -3.25],
				"rotation": [0, 0, 6],
				"cubes": [
					{"origin": [1.1695, 18.32909, -3.39], "size": [2.6, 0.4, 0.28], "uv": [2, 53]}
				]
			},
			{
				"name": "senketsu4",
				"parent": "snketsuLeftEye",
				"pivot": [3.92793, 17.74575, -3.25],
				"rotation": [0, 0, 76],
				"cubes": [
					{"origin": [1.64906, 17.51924, -3.39], "size": [2.2, 0.4, 0.28], "uv": [2, 53]}
				]
			},
			{
				"name": "senketsu3",
				"parent": "snketsuLeftEye",
				"pivot": [4.32793, 17.74575, -3.25],
				"rotation": [0, 0, 76],
				"cubes": [
					{"origin": [1.54906, 17.51924, -3.4], "size": [3, 0.4, 0.3], "uv": [2, 48]}
				]
			},
			{
				"name": "senketsu2",
				"parent": "snketsuLeftEye",
				"pivot": [0.42793, 18.14575, -3.25],
				"rotation": [0, 0, 6],
				"cubes": [
					{"origin": [0.4695, 17.92909, -3.4], "size": [4, 0.4, 0.3], "uv": [2, 48]}
				]
			},
			{
				"name": "senketsu",
				"parent": "snketsuLeftEye",
				"pivot": [2.12793, 19.24575, -3.25],
				"rotation": [0, 0, -35],
				"cubes": [
					{"origin": [0.12793, 19.04575, -3.4], "size": [4.1, 0.4, 0.3], "uv": [2, 48]}
				]
			},
			{
				"name": "ssp2",
				"parent": "body",
				"pivot": [2.7, 15, -2.3],
				"rotation": [-11, 0, 0],
				"cubes": [
					{"origin": [2.2, 12.2, -2.4], "size": [1, 3, 0.2], "uv": [61, 47], "mirror": true}
				]
			},
			{
				"name": "ssp3",
				"parent": "body",
				"pivot": [0.7, 15, 2.3],
				"rotation": [31, 0, 0],
				"cubes": [
					{"origin": [-1.1, 12.5, 2.2], "size": [2.1, 2.7, 0.2], "uv": [61, 47], "mirror": true}
				]
			},
			{
				"name": "snketsuBlink",
				"parent": "body",
				"pivot": [2.9, 18.8, -3.6],
				"rotation": [30.19209, -5.6988, 6.27289]
			},
			{
				"name": "senketsu19",
				"parent": "snketsuBlink",
				"pivot": [2.22793, 19.24575, -3.55],
				"rotation": [0, 0, -35],
				"cubes": [
					{"origin": [2.02793, 18.44575, -3.64], "size": [1.1, 0.6, 0], "uv": [57, 43]}
				]
			},
			{
				"name": "senketsu20",
				"parent": "snketsuBlink",
				"pivot": [2.45713, 18.72623, -3.55],
				"rotation": [0, 0, 6],
				"cubes": [
					{"origin": [1.65713, 18.52623, -3.67], "size": [1.7, 0.4, 0.05], "uv": [56, 40]}
				]
			},
			{
				"name": "senketsu21",
				"parent": "snketsuBlink",
				"pivot": [3.62793, 17.74575, -3.55],
				"rotation": [0, 0, 76],
				"cubes": [
					{"origin": [1.54906, 17.51924, -3.67], "size": [1.6, 0.4, 0.05], "uv": [56, 40]}
				]
			},
			{
				"name": "senketsu22",
				"parent": "snketsuBlink",
				"pivot": [0.52793, 18.54575, -3.55],
				"rotation": [0, 0, 6],
				"cubes": [
					{"origin": [1.2695, 18.32909, -3.69], "size": [2.6, 0.4, 0.08], "uv": [56, 38]}
				]
			},
			{
				"name": "senketsu23",
				"parent": "snketsuBlink",
				"pivot": [4.02793, 17.74575, -3.55],
				"rotation": [0, 0, 76],
				"cubes": [
					{"origin": [1.74906, 17.51924, -3.69], "size": [2.2, 0.4, 0.08], "uv": [56, 38]}
				]
			},
			{
				"name": "senketsu24",
				"parent": "snketsuBlink",
				"pivot": [4.42793, 17.74575, -3.55],
				"rotation": [0, 0, 76],
				"cubes": [
					{"origin": [1.64906, 17.51924, -3.7], "size": [3, 0.4, 0.1], "uv": [56, 33]}
				]
			},
			{
				"name": "senketsu25",
				"parent": "snketsuBlink",
				"pivot": [0.52793, 18.14575, -3.55],
				"rotation": [0, 0, 6],
				"cubes": [
					{"origin": [0.5695, 17.92909, -3.7], "size": [4, 0.4, 0.1], "uv": [56, 33]}
				]
			},
			{
				"name": "senketsu26",
				"parent": "snketsuBlink",
				"pivot": [2.22793, 19.24575, -3.55],
				"rotation": [0, 0, -35],
				"cubes": [
					{"origin": [0.22793, 19.04575, -3.7], "size": [4.1, 0.4, 0.1], "uv": [56, 33]}
				]
			},
			{
				"name": "legRight",
				"pivot": [-2.15, 11, 0],
				"cubes": [
					{"origin": [-3.58891, -0.00133, -1.87784], "size": [3, 12, 4], "uv": [1, 16]},
					{"origin": [-3.58891, -0.00133, -1.87784], "size": [3, 10, 4], "uv": [1, 18], "inflate": 0.25}
				]
			},
			{
				"name": "legLeft",
				"pivot": [2.15, 11, 0],
				"cubes": [
					{"origin": [0.58891, -0.00027, -2], "size": [3, 12, 4], "uv": [17, 48]},
					{"origin": [0.58891, -0.00027, -2], "size": [3, 10, 4], "uv": [16, 50], "inflate": 0.25}
				]
			},
			{
				"name": "backpackPositioningBone",
				"pivot": [0, 21.5, 0]
			}
		]
	}
}