{
	"format_version": "1.10.0",
	"geometry.model": {
		"texturewidth": 64,
		"textureheight": 64,
		"visible_bounds_width": 3,
		"visible_bounds_height": 3,
		"visible_bounds_offset": [0, 1.5, 0],
		"bones": [
			{
				"name": "head",
				"pivot": [0, 6.95, -2.75],
				"cubes": [
					{"origin": [-2.2215, 7.49, -5.12], "size": [5.5315, 5.49, 4.44], "uv": [20, 27]},
					{"origin": [-4.2215, 8.49, -5.11], "size": [9.5315, 3.49, 4.44], "uv": [0, 22]},
					{"origin": [-4.2215, 6.49, -5.05], "size": [9.5315, 2.49, 4.44], "uv": [0, 45]},
					{"origin": [-5.2115, 7.49, -5], "size": [11.5315, 1.49, 4.44], "uv": [22, 47]},
					{"origin": [-0.5, 5.9, -6], "size": [2, 0.5, 2.44], "uv": [19, 0]},
					{"origin": [-1.2215, 6.49, -5], "size": [3.5315, 0.49, 4.44], "uv": [16, 0]},
					{"origin": [-2.2215, 7.49, -6.11], "size": [5.5315, 0.49, 5.44], "uv": [43, 38]},
					{"origin": [-2, 6.3, -6.1], "size": [5, 1.49, 5.44], "uv": [43, 39]},
					{"origin": [-4.1215, 7.49, -4.1], "size": [9.3315, 2.49, 4.44], "uv": [24, 21]},
					{"origin": [-3.2, 7.8, -5.2], "size": [0.1, 3, 1], "uv": [54, 32]},
					{"origin": [-1.2, 7.8, -5.2], "size": [0.1, 3, 1], "uv": [54, 32]},
					{"origin": [4.2, 7.8, -5.2], "size": [0.1, 3, 1], "uv": [54, 32]},
					{"origin": [2.2, 7.8, -5.2], "size": [0.1, 3, 1], "uv": [54, 32]},
					{"origin": [-3.2, 10.8, -5.2], "size": [2.1, 0.1, 1], "uv": [53, 25]},
					{"origin": [-3.2, 7.7, -5.2], "size": [2.1, 0.1, 1], "uv": [53, 25]},
					{"origin": [2.2, 10.8, -5.2], "size": [2.1, 0.1, 1], "uv": [53, 21]},
					{"origin": [2.2, 7.7, -5.2], "size": [2.1, 0.1, 1], "uv": [53, 21]}
				]
			},
			{
				"name": "bone3",
				"parent": "head",
				"pivot": [0, 0, 0],
				"cubes": [
					{"origin": [-1.9, 7.8, -5.2], "size": [0.5, 2, 1], "uv": [59, 33]},
					{"origin": [2.5, 7.8, -5.2], "size": [0.5, 2, 1], "uv": [55, 32]}
				]
			},
			{
				"name": "bone4",
				"parent": "head",
				"pivot": [4.35, 11, -5.7],
				"rotation": [0, 0, 45],
				"cubes": [
					{"origin": [4.3, 10.8, -5.2], "size": [0.1, 0.7, 1], "uv": [55, 33]}
				]
			},
			{
				"name": "bone5",
				"parent": "head",
				"pivot": [-3.06213, 11.21213, -4.7],
				"rotation": [0, 0, -45],
				"cubes": [
					{"origin": [-3.4, 11, -5.2], "size": [0.1, 0.7, 1], "uv": [55, 33]}
				]
			},
			{
				"name": "bone2",
				"parent": "head",
				"pivot": [0.4, 11.05, -5.25],
				"rotation": [0, 0, 45],
				"cubes": [
					{"origin": [0.2, 10.8, -5.2], "size": [0.6, 0.6, 1], "uv": [38, 40]}
				]
			},
			{
				"name": "bone",
				"parent": "head",
				"pivot": [0.5, 10.45, -5.25],
				"cubes": [
					{"origin": [0.4, 9.95, -5.2], "size": [0.2, 2, 1], "uv": [39, 43]}
				]
			},
			{
				"name": "blink",
				"parent": "head",
				"pivot": [0, 6.95, 0.25],
				"cubes": [
					{"origin": [2.1, 7.75, -5.35], "size": [2.2, 3.2, 0], "uv": [54, 15]},
					{"origin": [-3.2, 7.75, -5.35], "size": [2.2, 3.2, 0], "uv": [54, 11]}
				]
			},
			{
				"name": "earL",
				"parent": "head",
				"pivot": [3.84653, 12.38305, -4.092],
				"rotation": [0, 0, 27.5],
				"cubes": [
					{"origin": [2.16653, 10.16305, -4.682], "size": [3.36, 4.44, 1.18], "uv": [0, 15]}
				]
			},
			{
				"name": "bone8",
				"parent": "earL",
				"pivot": [2.99653, 13.43305, -4.092],
				"rotation": [0, 0, -45],
				"cubes": [
					{"origin": [2.44653, 13.28305, -4.692], "size": [1.6, 0.8, 1.2], "uv": [51, 0]}
				]
			},
			{
				"name": "bone9",
				"parent": "earL",
				"pivot": [4.69653, 13.78661, -4.092],
				"rotation": [0, 0, -136],
				"cubes": [
					{"origin": [3.89653, 13.38661, -4.692], "size": [1.6, 0.8, 1.2], "uv": [51, 0]}
				]
			},
			{
				"name": "bone13",
				"parent": "earL",
				"pivot": [3.84553, 14.50088, -4.11],
				"rotation": [0, 0, -45],
				"cubes": [
					{"origin": [3.34553, 14.00088, -4.71], "size": [1, 1, 1.2], "uv": [51, 0]}
				]
			},
			{
				"name": "earR",
				"parent": "head",
				"pivot": [-2.75447, 12.50088, -4.21],
				"rotation": [0, 0, -20],
				"cubes": [
					{"origin": [-4.43447, 10.28088, -4.8], "size": [3.36, 4.44, 1.18], "uv": [15, 36]}
				]
			},
			{
				"name": "bone10",
				"parent": "earR",
				"pivot": [-3.60347, 13.53305, -4.192],
				"rotation": [0, 0, -45],
				"cubes": [
					{"origin": [-4.15347, 13.38305, -4.792], "size": [1.6, 0.8, 1.2], "uv": [51, 0]}
				]
			},
			{
				"name": "bone11",
				"parent": "earR",
				"pivot": [4.79653, 13.78661, -4.092],
				"rotation": [0, 0, -136],
				"cubes": [
					{"origin": [8.89653, 17.98661, -4.792], "size": [1.6, 0.8, 1.2], "uv": [51, 0]}
				]
			},
			{
				"name": "bone12",
				"parent": "earR",
				"pivot": [-2.75447, 14.60088, -4.21],
				"rotation": [0, 0, -45],
				"cubes": [
					{"origin": [-3.25447, 14.10088, -4.81], "size": [1, 1, 1.2], "uv": [51, 0]}
				]
			},
			{
				"name": "Beg",
				"parent": "head",
				"pivot": [-0.011, -0.15009, 0],
				"rotation": [0, 0, 20],
				"locators": {
					"locator": [-0.011, -0.15009, 0]
				}
			},
			{
				"name": "body",
				"pivot": [0, 1.5, 0]
			},
			{
				"name": "bodym",
				"parent": "body",
				"pivot": [0, 1.5, 0],
				"cubes": [
					{"origin": [-2, 3, -3], "size": [5, 4, 6], "uv": [16, 11]},
					{"origin": [-2.4, 3, 3], "size": [5.8, 4, 1], "uv": [0, 29]},
					{"origin": [-2.6, 3, 4], "size": [6.2, 3, 1], "uv": [34, 9]},
					{"origin": [-1.2, 3.1, 4.1], "size": [3.4, 3.7, 1.9], "uv": [0, 11]},
					{"origin": [-2.5, 6, -5], "size": [6, 1, 2], "uv": [16, 6]},
					{"origin": [-3.2, 5, -5], "size": [7.4, 1, 2], "uv": [0, 31]},
					{"origin": [-2, 4, -5], "size": [5, 1, 2], "uv": [34, 13]},
					{"origin": [-1, 3, -5], "size": [3, 1, 2], "uv": [20, 22]}
				]
			},
			{
				"name": "pifeng",
				"parent": "bodym",
				"pivot": [0, 7.4, 2],
				"rotation": [15, 0, 0]
			},
			{
				"name": "armRight",
				"pivot": [-8.8, 13.5, -2],
				"rotation": [0, 0, 15],
				"cubes": [
					{"origin": [-8.22138, 9.9315, -6.9], "size": [0.75, 2, 1], "uv": [59, 46]}
				]
			},
			{
				"name": "armRightPositioningBone",
				"parent": "armRight",
				"pivot": [-7.88138, 9.60749, -6.4]
			},
			{
				"name": "armLeft",
				"pivot": [9.75, 13.5, -2],
				"rotation": [0, 0, -15],
				"cubes": [
					{"origin": [8.37308, 9.94445, -6.9], "size": [0.75, 2, 1], "uv": [37, 27]}
				]
			},
			{
				"name": "armLeftPositioningBone",
				"parent": "armLeft",
				"pivot": [8.72967, 9.59456, -6.5]
			},
			{
				"name": "legRight",
				"pivot": [-2.4, 2, 0.5],
				"cubes": [
					{"origin": [-2.9, 0, -3], "size": [1, 5, 1], "uv": [14, 29]}
				]
			},
			{
				"name": "legRight2",
				"parent": "legRight",
				"pivot": [-2.4, 2, 7.5],
				"cubes": [
					{"origin": [-1.9, 0, 2], "size": [1, 5, 1], "uv": [33, 37]}
				]
			},
			{
				"name": "legLeft",
				"pivot": [2.4, 2, -2.5],
				"cubes": [
					{"origin": [2.9, 0, -3], "size": [1, 5, 1], "uv": [16, 11]}
				]
			},
			{
				"name": "legLeft2",
				"parent": "legLeft",
				"pivot": [2.4, 2, 4.5],
				"cubes": [
					{"origin": [1.9, 0, 2], "size": [1, 5, 1], "uv": [47, 29]}
				]
			},
			{
				"name": "tail",
				"pivot": [0, 0, 0]
			},
			{
				"name": "leftTail",
				"parent": "tail",
				"pivot": [2.2, 8.1, 7.05],
				"rotation": [66.20265, 13.6082, 11.4509],
				"cubes": [
					{"origin": [2.50448, 8.79166, 4.37393], "size": [1.9, 1.25, 4], "uv": [0, 0]}
				]
			},
			{
				"name": "bone7",
				"parent": "leftTail",
				"pivot": [3.45448, 9.02924, 13.29779],
				"rotation": [-5, 0, 0],
				"cubes": [
					{"origin": [1.50448, 8.40424, 8.29779], "size": [3.9, 1.25, 10], "uv": [38, 53]}
				]
			},
			{
				"name": "bone14",
				"parent": "leftTail",
				"pivot": [2.47073, 9.42631, 7.76671],
				"rotation": [0.42317, 53.22777, 1.25704],
				"cubes": [
					{"origin": [1.35448, 8.82631, 7.36671], "size": [2.4, 1.2, 0.8], "uv": [37, 1]}
				]
			},
			{
				"name": "bone15",
				"parent": "leftTail",
				"pivot": [4.47073, 9.42631, 7.76671],
				"rotation": [178.85809, 53.2433, 179.99947],
				"cubes": [
					{"origin": [3.47073, 8.82631, 7.26671], "size": [1.7, 1.2, 0.9], "uv": [37, 1]}
				]
			},
			{
				"name": "bone16",
				"parent": "leftTail",
				"pivot": [4.52045, 8.62731, 17.9168],
				"rotation": [-171.84438, 52.85887, -173.37446],
				"cubes": [
					{"origin": [4.47045, 8.02731, 17.3668], "size": [1.1, 1.2, 1.6], "uv": [37, 1]}
				]
			},
			{
				"name": "bone17",
				"parent": "leftTail",
				"pivot": [2.47302, 8.69472, 17.39432],
				"rotation": [-172.40383, -49.61213, 174.30821],
				"cubes": [
					{"origin": [2.07448, 8.08266, 16.55432], "size": [0.9, 1.21, 1.68], "uv": [37, 1]}
				]
			},
			{
				"name": "bone18",
				"parent": "leftTail",
				"pivot": [3.4, 8.6, 18.25],
				"rotation": [-5.96598, -47.84522, 4.42999],
				"cubes": [
					{"origin": [2.9, 8, 17.75], "size": [1, 1.2, 1], "uv": [37, 1]}
				]
			},
			{
				"name": "rightTail2",
				"parent": "tail",
				"pivot": [-1.2, 8.1, 6.95],
				"rotation": [66.20265, -13.6082, -11.4509],
				"cubes": [
					{"origin": [-3.40448, 8.79166, 4.27393], "size": [1.9, 1.25, 4], "uv": [0, 0], "mirror": true}
				]
			},
			{
				"name": "bone6",
				"parent": "rightTail2",
				"pivot": [-2.45448, 9.02924, 13.19779],
				"rotation": [-5, 0, 0],
				"cubes": [
					{"origin": [-4.40448, 8.40424, 8.19779], "size": [3.9, 1.25, 10], "uv": [38, 53], "mirror": true}
				]
			},
			{
				"name": "bone19",
				"parent": "rightTail2",
				"pivot": [-1.47073, 9.42631, 7.66671],
				"rotation": [0.42317, -53.22777, -1.25704],
				"cubes": [
					{"origin": [-2.75448, 8.82631, 7.26671], "size": [2.4, 1.2, 0.8], "uv": [37, 1], "mirror": true}
				]
			},
			{
				"name": "bone20",
				"parent": "rightTail2",
				"pivot": [-3.47073, 9.42631, 7.66671],
				"rotation": [178.85809, -53.2433, -179.99947],
				"cubes": [
					{"origin": [-4.17073, 8.82631, 7.16671], "size": [1.7, 1.2, 0.9], "uv": [37, 1], "mirror": true}
				]
			},
			{
				"name": "bone21",
				"parent": "rightTail2",
				"pivot": [-3.52045, 8.62731, 17.8168],
				"rotation": [-171.84438, -52.85887, 173.37446],
				"cubes": [
					{"origin": [-4.57045, 8.02731, 17.2668], "size": [1.1, 1.2, 1.6], "uv": [37, 1], "mirror": true}
				]
			},
			{
				"name": "bone22",
				"parent": "rightTail2",
				"pivot": [-1.47302, 8.69472, 17.29432],
				"rotation": [-172.40383, 49.61213, -174.30821],
				"cubes": [
					{"origin": [-1.97448, 8.08266, 16.45432], "size": [0.9, 1.21, 1.68], "uv": [37, 1], "mirror": true}
				]
			},
			{
				"name": "bone23",
				"parent": "rightTail2",
				"pivot": [-2.4, 8.6, 18.15],
				"rotation": [-5.96598, 47.84522, -4.42999],
				"cubes": [
					{"origin": [-2.9, 8, 17.65], "size": [1, 1.2, 1], "uv": [37, 1], "mirror": true}
				]
			}
		]
	}
}